Workbook

Sheet JANUARY
A1: CASH DISBURSEMENT RECORD
A3: ROMANA PANGAN DISTRICT HOSPITAL
A4: (Agency)
A6: ELAINE JUSTINA L. ABRIOL | D6: Nutritionist-Dietitian II | F6: Nutrition and Dietetics Service
A7: Accountable Officer | D7: Official Designation | F7: Station
A8: Date | B8: Reference No./O.R. No/Check No. | C8: Name of Payee | D8: Nature of Payment (Short Description) | E8: Cash Advance Received/ Replenishment | F8: Disbursements | G8: Cash Advance Balance
D9: Beginning Balance | G9: =E9 -> 0
G10: =G9+E10-F10 -> 0
G11: =G10+E11-F11 -> 0
G12: =G11+E12-F12 -> 0
G13: =G12+E13-F13 -> 0
G14: =G13+E14-F14 -> 0
G15: =G14+E15-F15 -> 0
G16: =G15+E16-F16 -> 0
G17: =G16+E17-F17 -> 0
G18: =G17+E18-F18 -> 0
G19: =G18+E19-F19 -> 0
G20: =G19+E20-F20 -> 0
G21: =G20+E21-F21 -> 0
... G47: =G46+E47-F47 -> 0
D48: Ending Balance | G48: =G47+E48-F48 -> 0

Sheet FEBRUARY
A1: CASH DISBURSEMENT RECORD
A3: ROMANA PANGAN DISTRICT HOSPITAL
A4: (Agency)
A6: ELAINE JUSTINA L. ABRIOL | D6: Nutritionist-Dietitian II | F6: Nutrition and Dietetics Service
A7: Accountable Officer | D7: Official Designation | F7: Station
A8: Date | B8: Reference No./O.R. No/Check No. | C8: Name of Payee | D8: Nature of Payment (Short Description) | E8: Cash Advance Received/ Replenishment | F8: Disbursements | G8: Cash Advance Balance
D9: Balance Forwared | E9: =JANUARY!G48 -> 0 | G9: =E9 -> 0
G10: =G9+E10-F10 -> 0
G11: =G10+E11-F11 -> 0
G12: =G11+E12-F12 -> 0
G13: =G12+E13-F13 -> 0
G14: =G13+E14-F14 -> 0
G15: =G14+E15-F15 -> 0
G16: =G15+E16-F16 -> 0
G17: =G16+E17-F17 -> 0
G18: =G17+E18-F18 -> 0
G19: =G18+E19-F19 -> 0
G20: =G19+E20-F20 -> 0
G21: =G20+E21-F21 -> 0
... G47: =G46+E47-F47 -> 0
D48: Ending Balance | G48: =G47+E48-F48 -> 0

Sheet MARCH
A1: CASH DISBURSEMENT RECORD
A3: ROMANA PANGAN DISTRICT HOSPITAL
A4: (Agency)
A6: ELAINE JUSTINA L. ABRIOL | D6: Nutritionist-Dietitian II | F6: Nutrition and Dietetics Service
A7: Accountable Officer | D7: Official Designation | F7: Station
A8: Date | B8: Reference No./O.R. No/Check No. | C8: Name of Payee | D8: Nature of Payment (Short Description) | E8: Cash Advance Received/ Replenishment | F8: Disbursements | G8: Cash Advance Balance
D9: Balance Forwared | E9: =FEBRUARY!G48 -> 0 | G9: =E9 -> 0
G10: =G9+E10-F10 -> 0
G11: =G10+E11-F11 -> 0
G12: =G11+E12-F12 -> 0
G13: =G12+E13-F13 -> 0
G14: =G13+E14-F14 -> 0
G15: =G14+E15-F15 -> 0
G16: =G15+E16-F16 -> 0
G17: =G16+E17-F17 -> 0
G18: =G17+E18-F18 -> 0
G19: =G18+E19-F19 -> 0
G20: =G19+E20-F20 -> 0
G21: =G20+E21-F21 -> 0
... G47: =G46+E47-F47 -> 0
D48: Ending Balance | G48: =G47+E48-F48 -> 0

Sheet APRIL
A1: CASH DISBURSEMENT RECORD
A3: ROMANA PANGAN DISTRICT HOSPITAL
A4: (Agency)
A6: ELAINE JUSTINA L. ABRIOL | D6: Nutritionist-Dietitian II | F6: Nutrition and Dietetics Service
A7: Accountable Officer | D7: Official Designation | F7: Station
A8: Date | B8: Reference No./O.R. No/Check No. | C8: Name of Payee | D8: Nature of Payment (Short Description) | E8: Cash Advance Received/ Replenishment | F8: Disbursements | G8: Cash Advance Balance
D9: Balance Forwared | E9: =MARCH!G48 -> 0 | G9: =E9 -> 0
G10: =G9+E10-F10 -> 0
G11: =G10+E11-F11 -> 0
G12: =G11+E12-F12 -> 0
G13: =G12+E13-F13 -> 0
G14: =G13+E14-F14 -> 0
G15: =G14+E15-F15 -> 0
G16: =G15+E16-F16 -> 0
G17: =G16+E17-F17 -> 0
G18: =G17+E18-F18 -> 0
G19: =G18+E19-F19 -> 0
G20: =G19+E20-F20 -> 0
G21: =G20+E21-F21 -> 0
... G47: =G46+E47-F47 -> 0
D48: Ending Balance | G48: =G47+E48-F48 -> 0

Sheet MAY
A1: CASH DISBURSEMENT RECORD
A3: ROMANA PANGAN DISTRICT HOSPITAL
A4: (Agency)
A6: ELAINE JUSTINA L. ABRIOL | D6: Nutritionist-Dietitian II | F6: Nutrition and Dietetics Service
A7: Accountable Officer | D7: Official Designation | F7: Station
A8: Date | B8: Reference No./O.R. No/Check No. | C8: Name of Payee | D8: Nature of Payment (Short Description) | E8: Cash Advance Received/ Replenishment | F8: Disbursements | G8: Cash Advance Balance
A9: 46143 | D9: Balance Forwared | E9: 18930 | G9: =E9 -> 18930
B10: 3539721 | C10: Elaine Justina L. Abriol | D10: Replenishment | E10: 55025 | G10: =G9+E10-F10 -> 73955
B11: 3539728 | C11: Elaine Justina L. Abriol | D11: Replenishment | E11: 64893 | G11: =G10+E11-F11 -> 138848
B12: 2918 | C12: Gloria T.M. Gen. Mdse … | D12: assorted vegetables | F12: 6015 | G12: =G11+E12-F12 -> 132833
B13: 3118 | C13: MACMA Trading | D13: meat | F13: 14120 | G13: =G12+E13-F13 -> 118713
B14: 3119 | C14: MACMA Trading | D14: meat | F14: 14580 | G14: =G13+E14-F14 -> 104133
B15: 3120 | C15: MACMA Trading | D15: meat | F15: 11760 | G15: =G14+E15-F15 -> 92373
B16: 1371 | C16: RPDH-MPC | D16: groceries | F16: 7785 | G16: =G15+E16-F16 -> 84588
B17: 1372 | C17: RPDH-MPC | D17: groceries | F17: 6215 | G17: =G16+E17-F17 -> 78373
B18: 1373 | C18: RPDH-MPC | D18: groceries | F18: 2805 | G18: =G17+E18-F18 -> 75568
B19: 1374 | C19: RPDH-MPC | D19: roll bag | F19: 780 | G19: =G18+E19-F19 -> 74788
B20: 1283 | C20: SAMEJ Rice Store and Gen.. | D20: rice | F20: 8460 | G20: =G19+E20-F20 -> 66328
B21: 35 | C21: Lolita R. Cayanan | D21: saba | F21: 1000 | G21: =G20+E21-F21 -> 65328
B22: 569 | C22: SAMEJ Rice Store and Gen.. | D22: paper meal box | F22: 14400 | G22: =G21+E22-F22 -> 50928
A23: 46150 | B23: 3539731 | C23: Elaine Justina L Abriol | D23: Replenishment | E23: 70058 | G23: =G22+E23-F23 -> 120986
B24: 2924 | C24: Gloria T.M. Gen. Mdse … | D24: assorted vegetables | F24: 6805 | G24: =G23+E24-F24 -> 114181
B25: 3128 | C25: MACMA Trading | D25: meat | F25: 14490 | G25: =G24+E25-F25 -> 99691
B26: 3129 | C26: MACMA Trading | D26: meat | F26: 13200 | G26: =G25+E26-F26 -> 86491
B27: 3130 | C27: MACMA Trading | D27: meat | F27: 11340 | G27: =G26+E27-F27 -> 75151
B28: 1378 | C28: RPDH-MPC | D28: groceries | F28: 7418 | G28: =G27+E28-F28 -> 67733
B29: 1379 | C29: RPDH-MPC | D29: groceries | F29: 5135 | G29: =G28+E29-F29 -> 62598
B30: 1380 | C30: RPDH-MPC | D30: roll bag | F30: 390 | G30: =G29+E30-F30 -> 62208
B31: 1285 | C31: SAMEJ Rice Store and Gen.. | D31: rice | F31: 5640 | G31: =G30+E31-F31 -> 56568
B32: 37 | C32: Lolita R. Cayanan | D32: saba | F32: 1000 | G32: =G31+E32-F32 -> 55568
B33: 1381 | C33: RPDH-MPC | D33: LPG | F33: 8500 | G33: =G32+E33-F33 -> 47068
A34: 46154 | B34: 2928 | C34: Gloria T.M. Gen. Mdse … | D34: assorted vegetables | F34: 5670 | G34: =G33+E34-F34 -> 41398
B35: 3132 | C35: MACMA Trading | D35: meat assorted | F35: 11760 | G35: =G34+E35-F35 -> 29638
B36: 3133 | C36: MACMA Trading | D36: meat assorted | F36: 7920 | G36: =G35+E36-F36 -> 21718
B37: 1382 | C37: RPDH-MPC | D37: groceries | F37: 6600 | G37: =G36+E37-F37 -> 15118
B38: 1383 | C38: RPDH-MPC | D38: groceries | F38: 1420 | G38: =G37+E38-F38 -> 13698
B39: 1286 | C39: SAMEJ Rice Store and Gen.. | D39: rice | F39: 5640 | G39: =G38+E39-F39 -> 8058
B40: 38 | C40: Lolita R. Cayanan | D40: saba | F40: 1000 | G40: =G39+E40-F40 -> 7058
B41: 1287 | C41: SAMEJ Rice Store and Gen.. | D41: paper meal box | F41: 4800 | G41: =G40+E41-F41 -> 2258
A42: 46160 | B42: 3539746 | C42: Elaine Justina L. Abriol | D42: replenishment | E42: 66775 | G42: =G41+E42-F42 -> 69033
A43: 46161 | B43: 2935 | C43: Gloria T.M. Gen. Mdse … | D43: vegetables, assorted | F43: 7210 | G43: =G42+E43-F43 -> 61823
B44: 3140 | C44: MACMA Trading | D44: meat, assorted | F44: 11580 | G44: =G43+E44-F44 -> 50243
B45: 3141 | C45: MACMA Trading | D45: meat, assorted | F45: 10320 | G45: =G44+E45-F45 -> 39923
B46: 1389 | C46: RPDH-MPC | D46: groceries | F46: 4235 | G46: =G45+E46-F46 -> 35688
B47: 1388 | C47: RPDH-MPC | D47: groceries | F47: 4835 | G47: =G46+E47-F47 -> 30853
B48: 40 | C48: Lolita R. Cayanan | D48: saba | F48: 1000 | G48: =G47+E48-F48 -> 29853
B49: 1289 | C49: SAMEJ Rice Store and Gen.. | D49: rice | F49: 5480 | G49: =G48+E49-F49 -> 24373
B50: 3539752 | C50: Elaine Justina L. Abriol | D50: Replenishment | E50: 75694 | G50: =G49+E50-F50 -> 100067
B51: 2938 | C51: Gloria T.M. Gen. Mdse … | D51: assorted vegetables | F51: 7002.5 | G51: =G50+E51-F51 -> 93064.5
B52: 3142 | C52: MACMA Trading | D52: meat assorted | F52: 14910 | G52: =G51+E52-F52 -> 78154.5
B53: 3143 | C53: MACMA Trading | D53: meat assorted | F53: 14460 | G53: =G52+E53-F53 -> 63694.5
B54: 3144 | C54: MACMA Trading | D54: meat assorted | F54: 5040 | G54: =G53+E54-F54 -> 58654.5
B55: 1390 | C55: RPDH-MPC | D55: groceries | F55: 3595 | G55: =G54+E55-F55 -> 55059.5
B56: 1391 | C56: RPDH-MPC | D56: groceries | F56: 7185 | G56: =G55+E56-F56 -> 47874.5
B57: 1392 | C57: RPDH-MPC | D57: groceries | F57: 4389 | G57: =G56+E57-F57 -> 43485.5
B58: 1393 | C58: RPDH-MPC | D58: roll bag | F58: 390 | G58: =G57+E58-F58 -> 43095.5
B59: 1290 | C59: SAMEJ Rice Store and Gen.. | D59: rice | F59: 6850 | G59: =G58+E59-F59 -> 36245.5
B60: 41 | C60: Lolita R. Cayanan | D60: saba | F60: 1000 | G60: =G59+E60-F60 -> 35245.5
A61: 46168 | B61: 3539755 | C61: Elaine Justina L. Abriol | D61: Replenishment | E61: 87920 | G61: =G60+E61-F61 -> 123165.5
B62: 3539753 | C62: Elaine Justina L. Abriol | D62: Replenishment | E62: 48625 | G62: =G61+E62-F62 -> 171790.5
B63: 2943 | C63: Gloria T.M. Gen. Mdse … | D63: assorted vegetables | F63: 6860 | G63: =G62+E63-F63 -> 164930.5
B64: 3146 | C64: MACMA Trading | D64: meat assorted | F64: 11360 | G64: =G63+E64-F64 -> 153570.5
B65: 3147 | C65: MACMA Trading | D65: meat assorted | F65: 10920 | G65: =G64+E65-F65 -> 142650.5
B66: 1394 | C66: RPDH-MPC | D66: groceries | F66: 3233 | G66: =G65+E66-F66 -> 139417.5
B67: 1395 | C67: RPDH-MPC | D67: groceries | F67: 5646 | G67: =G66+E67-F67 -> 133771.5
B68: 1291 | C68: SAMEJ Rice Store and Gen.. | D68: rice | F68: 5480 | G68: =G67+E68-F68 -> 128291.5
B69: 42 | C69: Jay M. Torres | D69: ripe mango | F69: 975 | G69: =G68+E69-F69 -> 127316.5
B70: 43 | C70: Lolita R. Cayanan | D70: saba | F70: 1000 | G70: =G69+E70-F70 -> 126316.5
A71: 46171 | B71: 2946 | C71: Gloria T.M. Gen. Mdse … | D71: assorted vegetables | F71: 6225 | G71: =G70+E71-F71 -> 120091.5
B72: 3148 | C72: MACMA Trading | D72: meat assorted | F72: 13980 | G72: =G71+E72-F72 -> 106111.5
B73: 3149 | C73: MACMA Trading | D73: meat assorted | F73: 14880 | G73: =G72+E73-F73 -> 91231.5
B74: 3150 | C74: MACMA Trading | D74: meat assorted | F74: 12300 | G74: =G73+E74-F74 -> 78931.5
B75: 1396 | C75: RPDH-MPC | D75: groceries | F75: 6465 | G75: =G74+E75-F75 -> 72466.5
B76: 1397 | C76: RPDH-MPC | D76: groceries | F76: 7305 | G76: =G75+E76-F76 -> 65161.5
B77: 1398 | C77: RPDH-MPC | D77: groceries | F77: 2720 | G77: =G76+E77-F77 -> 62441.5
B78: 1399 | C78: RPDH-MPC | D78: LPG | F78: 8500 | G78: =G77+E78-F78 -> 53941.5
B79: 1400 | C79: RPDH-MPC | D79: roll bag | F79: 520 | G79: =G78+E79-F79 -> 53421.5
B80: 44 | C80: Lolita R. Cayanan | D80: saba | F80: 1000 | G80: =G79+E80-F80 -> 52421.5
B81: 43 | C81: Jennilyn Agojo | D81: munggo | F81: 600 | G81: =G80+E81-F81 -> 51821.5
B82: 1292 | C82: SAMEJ Rice Store and Gen.. | D82: rice | F82: 6850 | G82: =G81+E82-F82 -> 44971.5
D83: Ending Balance | F83: 44971.5 | G83: =G82+E83-F83 -> 0
E84: =SUM(E9:E83) -> 487920 | F84: =SUM(F12:F83) -> 487920

Sheet JUNE
A1: CASH DISBURSEMENT RECORD
A3: ROMANA PANGAN DISTRICT HOSPITAL
A4: (Agency)
A6: ELAINE JUSTINA L. ABRIOL | D6: Nutritionist-Dietitian II | F6: Nutrition and Dietetics Service
A7: Accountable Officer | D7: Official Designation | F7: Station
A8: Date | B8: Reference No./O.R. No/Check No. | C8: Name of Payee | D8: Nature of Payment (Short Description) | E8: Cash Advance Received/ Replenishment | F8: Disbursements | G8: Cash Advance Balance
A9: 46174 | D9: Balance Forwared | E9: 44971.5 | G9: =E9 -> 44971.5
A10: 46175 | C10: Gloria T.M. Gen. Mdse … | D10: assorted vegetables | F10: 5600 | G10: =G9+E10-F10 -> 39371.5
B11: 3151 | C11: MACMA Trading | D11: meat | F11: 13320 | G11: =G10+E11-F11 -> 26051.5
B12: 3152 | C12: MACMA Trading | D12: meat | F12: 13560 | G12: =G11+E12-F12 -> 12491.5
B13: 1401 | C13: RPDH-MPC | D13: groceries | F13: 8205 | G13: =G12+E13-F13 -> 4286.5
B14: 1402 | C14: RPDH-MPC | D14: groceries | F14: 1601 | G14: =G13+E14-F14 -> 2685.5
B15: 3539764 | C15: Elaine Justina L. Abriol | D15: Replenishment | E15: 44810 | G15: =G14+E15-F15 -> 47495.5
B16: 1293 | C16: SAMEJ Rice Store and Gen.. | D16: rice | F16: 5480 | G16: =G15+E16-F16 -> 42015.5
B17: 45 | C17: Lolita R. Cayanan | D17: saba | F17: 1000 | G17: =G16+E17-F17 -> 41015.5
B18: 3539772 | C18: Elaine Justina L. Abriol | D18: Replenishment | E18: 44660 | G18: =G17+E18-F18 -> 85675.5
C19: Gloria T.M. Gen. Mdse … | D19: assorted vegetables | F19: 7090 | G19: =G18+E19-F19 -> 78585.5
B20: 3155 | C20: MACMA Trading | D20: meat | F20: 12890 | G20: =G19+E20-F20 -> 65695.5
B21: 3157 | C21: MACMA Trading | D21: meat | F21: 14280 | G21: =G20+E21-F21 -> 51415.5
B22: 3158 | C22: MACMA Trading | D22: meat | F22: 13470 | G22: =G21+E22-F22 -> 37945.5
B23: 1403 | C23: RPDH-MPC | D23: groceries | F23: 6100 | G23: =G22+E23-F23 -> 31845.5
B24: 1404 | C24: RPDH-MPC | D24: groceries | F24: 6970 | G24: =G23+E24-F24 -> 24875.5
B25: 1406 | C25: RPDH-MPC | D25: groceries | F25: 595 | G25: =G24+E25-F25 -> 24280.5
B26: 1405 | C26: RPDH-MPC | D26: roll bag | F26: 390 | G26: =G25+E26-F26 -> 23890.5
B27: 1405 | C27: RPDH-MPC | D27: LPG | F27: 14000 | G27: =G26+E27-F27 -> 9890.5
B28: 46 | C28: Lolita R. Cayanan | D28: saba | F28: 1000 | G28: =G27+E28-F28 -> 8890.5
G29: =G28+E29-F29 -> 8890.5
G30: =G29+E30-F30 -> 8890.5
G31: =G30+E31-F31 -> 8890.5
G32: =G31+E32-F32 -> 8890.5
G33: =G32+E33-F33 -> 8890.5
G34: =G33+E34-F34 -> 8890.5
G35: =G34+E35-F35 -> 8890.5
G36: =G35+E36-F36 -> 8890.5
G37: =G36+E37-F37 -> 8890.5
G38: =G37+E38-F38 -> 8890.5
G39: =G38+E39-F39 -> 8890.5
G40: =G39+E40-F40 -> 8890.5
... G47: =G46+E47-F47 -> 8890.5
D48: Ending Balance | G48: =G47+E48-F48 -> 8890.5

Sheet JULY
A1: CASH DISBURSEMENT RECORD
A3: ROMANA PANGAN DISTRICT HOSPITAL
A4: (Agency)
A6: ELAINE JUSTINA L. ABRIOL | D6: Nutritionist-Dietitian II | F6: Nutrition and Dietetics Service
A7: Accountable Officer | D7: Official Designation | F7: Station
A8: Date | B8: Reference No./O.R. No/Check No. | C8: Name of Payee | D8: Nature of Payment (Short Description) | E8: Cash Advance Received/ Replenishment | F8: Disbursements | G8: Cash Advance Balance
D9: Balance Forwared | E9: =JUNE!G48 -> 8890.5 | G9: =E9 -> 8890.5
G10: =G9+E10-F10 -> 8890.5
G11: =G10+E11-F11 -> 8890.5
G12: =G11+E12-F12 -> 8890.5
G13: =G12+E13-F13 -> 8890.5
G14: =G13+E14-F14 -> 8890.5
G15: =G14+E15-F15 -> 8890.5
G16: =G15+E16-F16 -> 8890.5
G17: =G16+E17-F17 -> 8890.5
G18: =G17+E18-F18 -> 8890.5
G19: =G18+E19-F19 -> 8890.5
G20: =G19+E20-F20 -> 8890.5
G21: =G20+E21-F21 -> 8890.5
... G47: =G46+E47-F47 -> 8890.5
D48: Ending Balance | G48: =G47+E48-F48 -> 8890.5

Sheet AUGUST
A1: CASH DISBURSEMENT RECORD
A3: ROMANA PANGAN DISTRICT HOSPITAL
A4: (Agency)
A6: ELAINE JUSTINA L. ABRIOL | D6: Nutritionist-Dietitian II | F6: Nutrition and Dietetics Service
A7: Accountable Officer | D7: Official Designation | F7: Station
A8: Date | B8: Reference No./O.R. No/Check No. | C8: Name of Payee | D8: Nature of Payment (Short Description) | E8: Cash Advance Received/ Replenishment | F8: Disbursements | G8: Cash Advance Balance
D9: Balance Forwared | E9: =JULY!G48 -> 8890.5 | G9: =E9 -> 8890.5
G10: =G9+E10-F10 -> 8890.5
G11: =G10+E11-F11 -> 8890.5
G12: =G11+E12-F12 -> 8890.5
G13: =G12+E13-F13 -> 8890.5
G14: =G13+E14-F14 -> 8890.5
G15: =G14+E15-F15 -> 8890.5
G16: =G15+E16-F16 -> 8890.5
G17: =G16+E17-F17 -> 8890.5
G18: =G17+E18-F18 -> 8890.5
G19: =G18+E19-F19 -> 8890.5
G20: =G19+E20-F20 -> 8890.5
G21: =G20+E21-F21 -> 8890.5
... G47: =G46+E47-F47 -> 8890.5
D48: Ending Balance | G48: =G47+E48-F48 -> 8890.5

Sheet SEPTEMBER
A1: CASH DISBURSEMENT RECORD
A3: ROMANA PANGAN DISTRICT HOSPITAL
A4: (Agency)
A6: ELAINE JUSTINA L. ABRIOL | D6: Nutritionist-Dietitian II | F6: Nutrition and Dietetics Service
A7: Accountable Officer | D7: Official Designation | F7: Station
A8: Date | B8: Reference No./O.R. No/Check No. | C8: Name of Payee | D8: Nature of Payment (Short Description) | E8: Cash Advance Received/ Replenishment | F8: Disbursements | G8: Cash Advance Balance
D9: Balance Forwared | E9: =AUGUST!G48 -> 8890.5 | G9: =E9 -> 8890.5
G10: =G9+E10-F10 -> 8890.5
G11: =G10+E11-F11 -> 8890.5
G12: =G11+E12-F12 -> 8890.5
G13: =G12+E13-F13 -> 8890.5
G14: =G13+E14-F14 -> 8890.5
G15: =G14+E15-F15 -> 8890.5
G16: =G15+E16-F16 -> 8890.5
G17: =G16+E17-F17 -> 8890.5
G18: =G17+E18-F18 -> 8890.5
G19: =G18+E19-F19 -> 8890.5
G20: =G19+E20-F20 -> 8890.5
G21: =G20+E21-F21 -> 8890.5
... G47: =G46+E47-F47 -> 8890.5
D48: Ending Balance | G48: =G47+E48-F48 -> 8890.5

Sheet OCTOBER
A1: CASH DISBURSEMENT RECORD
A3: ROMANA PANGAN DISTRICT HOSPITAL
A4: (Agency)
A6: ELAINE JUSTINA L. ABRIOL | D6: Nutritionist-Dietitian II | F6: Nutrition and Dietetics Service
A7: Accountable Officer | D7: Official Designation | F7: Station
A8: Date | B8: Reference No./O.R. No/Check No. | C8: Name of Payee | D8: Nature of Payment (Short Description) | E8: Cash Advance Received/ Replenishment | F8: Disbursements | G8: Cash Advance Balance
D9: Balance Forwared | E9: =SEPTEMBER!G48 -> 8890.5 | G9: =E9 -> 8890.5
G10: =G9+E10-F10 -> 8890.5
G11: =G10+E11-F11 -> 8890.5
G12: =G11+E12-F12 -> 8890.5
G13: =G12+E13-F13 -> 8890.5
G14: =G13+E14-F14 -> 8890.5
G15: =G14+E15-F15 -> 8890.5
G16: =G15+E16-F16 -> 8890.5
G17: =G16+E17-F17 -> 8890.5
G18: =G17+E18-F18 -> 8890.5
G19: =G18+E19-F19 -> 8890.5
G20: =G19+E20-F20 -> 8890.5
G21: =G20+E21-F21 -> 8890.5
... G47: =G46+E47-F47 -> 8890.5
D48: Ending Balance | G48: =G47+E48-F48 -> 8890.5

Sheet NOVEMBER
A1: CASH DISBURSEMENT RECORD
A3: ROMANA PANGAN DISTRICT HOSPITAL
A4: (Agency)
A6: ELAINE JUSTINA L. ABRIOL | D6: Nutritionist-Dietitian II | F6: Nutrition and Dietetics Service
A7: Accountable Officer | D7: Official Designation | F7: Station
A8: Date | B8: Reference No./O.R. No/Check No. | C8: Name of Payee | D8: Nature of Payment (Short Description) | E8: Cash Advance Received/ Replenishment | F8: Disbursements | G8: Cash Advance Balance
D9: Balance Forwared | E9: =OCTOBER!G48 -> 8890.5 | G9: =E9 -> 8890.5
G10: =G9+E10-F10 -> 8890.5
G11: =G10+E11-F11 -> 8890.5
G12: =G11+E12-F12 -> 8890.5
G13: =G12+E13-F13 -> 8890.5
G14: =G13+E14-F14 -> 8890.5
G15: =G14+E15-F15 -> 8890.5
G16: =G15+E16-F16 -> 8890.5
G17: =G16+E17-F17 -> 8890.5
G18: =G17+E18-F18 -> 8890.5
G19: =G18+E19-F19 -> 8890.5
G20: =G19+E20-F20 -> 8890.5
G21: =G20+E21-F21 -> 8890.5
... G47: =G46+E47-F47 -> 8890.5
D48: Ending Balance | G48: =G47+E48-F48 -> 8890.5

Sheet DECEMBER
A1: CASH DISBURSEMENT RECORD
A3: ROMANA PANGAN DISTRICT HOSPITAL
A4: (Agency)
A6: ELAINE JUSTINA L. ABRIOL | D6: Nutritionist-Dietitian II | F6: Nutrition and Dietetics Service
A7: Accountable Officer | D7: Official Designation | F7: Station
A8: Date | B8: Reference No./O.R. No/Check No. | C8: Name of Payee | D8: Nature of Payment (Short Description) | E8: Cash Advance Received/ Replenishment | F8: Disbursements | G8: Cash Advance Balance
G9: =E9 -> 0
G10: =G9+E10-F10 -> 0
G11: =G10+E11-F11 -> 0
G12: =G11+E12-F12 -> 0
G13: =G12+E13-F13 -> 0
G14: =G13+E14-F14 -> 0
G15: =G14+E15-F15 -> 0
G16: =G15+E16-F16 -> 0
G17: =G16+E17-F17 -> 0
G18: =G17+E18-F18 -> 0
G19: =G18+E19-F19 -> 0
G20: =G19+E20-F20 -> 0
G21: =G20+E21-F21 -> 0
... G47: =G46+E47-F47 -> 0
D48: Ending Balance | G48: =G47+E48-F48 -> 0
